INSERT INTO Country (CountryCode, Name) VALUES ('PT', 'Portugal');
INSERT INTO Country (CountryCode, Name) VALUES ('CZ', 'Czechia');
INSERT INTO ClientType (CID, Type) VALUES ('C1', 'Individual');
INSERT INTO ClientType (CID, Type) VALUES ('C2', 'Company');
INSERT INTO WorkstationTypes (WTID, Name) VALUES ('A4578', '600t cold forging stamping press');
INSERT INTO WorkstationTypes (WTID, Name) VALUES ('A4588', '600t cold forging precision stamping press');
INSERT INTO WorkstationTypes (WTID, Name) VALUES ('A4598', '1000t cold forging precision stamping press');
INSERT INTO WorkstationTypes (WTID, Name) VALUES ('S3271', 'Handle rivet');
INSERT INTO WorkstationTypes (WTID, Name) VALUES ('K3675', 'Packaging');
INSERT INTO WorkstationTypes (WTID, Name) VALUES ('K3676', 'Packaging for large itens');
INSERT INTO WorkstationTypes (WTID, Name) VALUES ('C5637', 'Border trimming');
INSERT INTO WorkstationTypes (WTID, Name) VALUES ('D9123', 'Spot welding');
INSERT INTO WorkstationTypes (WTID, Name) VALUES ('Q5478', 'Teflon application station');
INSERT INTO WorkstationTypes (WTID, Name) VALUES ('Q3547', 'Stainless steel polishing');
INSERT INTO WorkstationTypes (WTID, Name) VALUES ('T3452', 'Assembly T1');
INSERT INTO WorkstationTypes (WTID, Name) VALUES ('G9273', 'Circular glass cutting');
INSERT INTO WorkstationTypes (WTID, Name) VALUES ('G9274', 'Glass trimming');
INSERT INTO Operation (OPID, Name) VALUES ('5647', 'Disc cutting');
INSERT INTO Operation (OPID, Name) VALUES ('5649', 'Initial pot base pressing');
INSERT INTO Operation (OPID, Name) VALUES ('5651', 'Final pot base pressing');
INSERT INTO Operation (OPID, Name) VALUES ('5653', 'Pot base finishing');
INSERT INTO Operation (OPID, Name) VALUES ('5655', 'Lid pressing');
INSERT INTO Operation (OPID, Name) VALUES ('5657', 'Lid finishing');
INSERT INTO Operation (OPID, Name) VALUES ('5659', 'Pot handles riveting');
INSERT INTO Operation (OPID, Name) VALUES ('5661', 'Lid handle screw');
INSERT INTO Operation (OPID, Name) VALUES ('5663', 'Pot test and packaging');
INSERT INTO Operation (OPID, Name) VALUES ('5665', 'Handle welding');
INSERT INTO Operation (OPID, Name) VALUES ('5667', 'Lid polishing');
INSERT INTO Operation (OPID, Name) VALUES ('5669', 'Pot base polishing');
INSERT INTO Operation (OPID, Name) VALUES ('5671', 'Teflon painting');
INSERT INTO Operation (OPID, Name) VALUES ('5681', 'Initial pan base pressing');
INSERT INTO Operation (OPID, Name) VALUES ('5682', 'Final pan base pressing');
INSERT INTO Operation (OPID, Name) VALUES ('5683', 'Pan base finishing');
INSERT INTO Operation (OPID, Name) VALUES ('5688', 'Pan test and packaging');
INSERT INTO Part (PartID, Description) VALUES ('PN12344A21', 'Screw M6 35 mm');
INSERT INTO Part (PartID, Description) VALUES ('PN52384R50', '300x300 mm 5mm stainless steel sheet');
INSERT INTO Part (PartID, Description) VALUES ('PN52384R10', '300x300 mm 1mm stainless steel sheet');
INSERT INTO Part (PartID, Description) VALUES ('PN18544A21', 'Rivet 6 mm');
INSERT INTO Part (PartID, Description) VALUES ('PN18324C54', 'Stainless steel handle model R12');
INSERT INTO Part (PartID, Description) VALUES ('PN18544C21', 'Stainless steel handle model U6');
INSERT INTO Part (PartID, Description) VALUES ('PN18324C51', 'Stainless steel handle model R11');
INSERT INTO Part (PartID, Description) VALUES ('PN52384R45', '250x250 mm 5mm stainless steel sheet');
INSERT INTO Part (PartID, Description) VALUES ('PN52384R12', '250x250 mm 1mm stainless steel sheet');
INSERT INTO Part (PartID, Description) VALUES ('PN18324C91', 'Stainless steel handle model S26');
INSERT INTO Part (PartID, Description) VALUES ('AS12945T22', '5l 22 cm aluminium and teflon non stick pot');
INSERT INTO Part (PartID, Description) VALUES ('AS12945S22', '5l 22 cm stainless steel pot');
INSERT INTO Part (PartID, Description) VALUES ('AS12945S20', '3l 20 cm stainless steel pot');
INSERT INTO Part (PartID, Description) VALUES ('AS12945S17', '2l 17 cm stainless steel pot');
INSERT INTO Part (PartID, Description) VALUES ('AS12945P17', '2l 17 cm stainless steel souce pan');
INSERT INTO Part (PartID, Description) VALUES ('AS12945S48', '17 cm stainless steel lid');
INSERT INTO Part (PartID, Description) VALUES ('AS12945G48', '17 cm glass lid');
INSERT INTO Client (IDClient, Name, NIF, CID, Email, Phone) VALUES ('456', 'Carvalho & Carvalho, Lda', 'PT501245987', 'C2', 'idont@care.com', '3518340500');
INSERT INTO Client (IDClient, Name, NIF, CID, Email, Phone) VALUES ('785', 'Tudo para a casa, Lda', 'PT501245488', 'C2', 'me@neither.com', '3518340500');
INSERT INTO Client (IDClient, Name, NIF, CID, Email, Phone) VALUES ('657', 'Sair de Cena', 'PT501242417', 'C2', 'some@email.com', '3518340500');
INSERT INTO Client (IDClient, Name, NIF, CID, Email, Phone) VALUES ('348', 'U Fleku', 'CZ6451237810', 'C2', 'some.random@email.cz', '4201234567');
INSERT INTO Address (ClientNIF, Address, ZIP, Town, CountryCode) VALUES ('PT501245987', 'Tv. Augusto Lessa 23', '4200-047', 'Porto', 'PT');
INSERT INTO Address (ClientNIF, Address, ZIP, Town, CountryCode) VALUES ('PT501245488', 'R. Dr. Barros 93', '4465-219', 'São Mamede de Infesta', 'PT');
INSERT INTO Address (ClientNIF, Address, ZIP, Town, CountryCode) VALUES ('PT501242417', 'EDIFICIO CRISTAL lj18, R. António Correia de Carvalho 88', '4400-023', 'Vila Nova de Gaia', 'PT');
INSERT INTO Address (ClientNIF, Address, ZIP, Town, CountryCode) VALUES ('CZ6451237810', 'Křemencova 11', '110 00', 'Nové Město', 'CZ');
INSERT INTO "Order" (OID, ClientNIF, DateOrder, DateDelivery) VALUES ('1', 'PT501245488', TO_DATE('2024-09-15 00:00:00', 'YYYY-MM-DD HH24:MI:SS'), TO_DATE('2024-09-23 00:00:00', 'YYYY-MM-DD HH24:MI:SS'));
INSERT INTO "Order" (OID, ClientNIF, DateOrder, DateDelivery) VALUES ('2', 'PT501242417', TO_DATE('2024-09-15 00:00:00', 'YYYY-MM-DD HH24:MI:SS'), TO_DATE('2024-09-25 00:00:00', 'YYYY-MM-DD HH24:MI:SS'));
INSERT INTO "Order" (OID, ClientNIF, DateOrder, DateDelivery) VALUES ('3', 'CZ6451237810', TO_DATE('2024-09-15 00:00:00', 'YYYY-MM-DD HH24:MI:SS'), TO_DATE('2024-09-25 00:00:00', 'YYYY-MM-DD HH24:MI:SS'));
INSERT INTO "Order" (OID, ClientNIF, DateOrder, DateDelivery) VALUES ('4', 'PT501245488', TO_DATE('2024-09-18 00:00:00', 'YYYY-MM-DD HH24:MI:SS'), TO_DATE('2024-09-25 00:00:00', 'YYYY-MM-DD HH24:MI:SS'));
INSERT INTO "Order" (OID, ClientNIF, DateOrder, DateDelivery) VALUES ('5', 'PT501242417', TO_DATE('2024-09-18 00:00:00', 'YYYY-MM-DD HH24:MI:SS'), TO_DATE('2024-09-25 00:00:00', 'YYYY-MM-DD HH24:MI:SS'));
INSERT INTO "Order" (OID, ClientNIF, DateOrder, DateDelivery) VALUES ('6', 'CZ6451237810', TO_DATE('2024-09-18 00:00:00', 'YYYY-MM-DD HH24:MI:SS'), TO_DATE('2024-09-26 00:00:00', 'YYYY-MM-DD HH24:MI:SS'));
INSERT INTO "Order" (OID, ClientNIF, DateOrder, DateDelivery) VALUES ('7', 'PT501245987', TO_DATE('2024-09-21 00:00:00', 'YYYY-MM-DD HH24:MI:SS'), TO_DATE('2024-09-26 00:00:00', 'YYYY-MM-DD HH24:MI:SS'));
INSERT INTO ProductFamily (PFID, Name) VALUES ('125', 'Pro Line pots');
INSERT INTO ProductFamily (PFID, Name) VALUES ('130', 'La Belle pots');
INSERT INTO ProductFamily (PFID, Name) VALUES ('132', 'Pro Line pans');
INSERT INTO ProductFamily (PFID, Name) VALUES ('145', 'Pro Line lids');
INSERT INTO ProductFamily (PFID, Name) VALUES ('146', 'Pro Clear lids');
INSERT INTO Product (PartID, PFID, Name) VALUES ('AS12945T22', '130', 'La Belle 22 5l pot');
INSERT INTO Product (PartID, PFID, Name) VALUES ('AS12945S22', '125', 'Pro 22 5l pot');
INSERT INTO Product (PartID, PFID, Name) VALUES ('AS12945S20', '125', 'Pro 20 3l pot');
INSERT INTO Product (PartID, PFID, Name) VALUES ('AS12945S17', '125', 'Pro 17 2l pot');
INSERT INTO Product (PartID, PFID, Name) VALUES ('AS12945P17', '132', 'Pro 17 2l sauce pan');
INSERT INTO Product (PartID, PFID, Name) VALUES ('AS12945S48', '145', 'Pro 17 lid');
INSERT INTO Product (PartID, PFID, Name) VALUES ('AS12945G48', '146', 'Pro Clear 17 lid');
INSERT INTO OrderProduct (OID, ProductPartID, Quantity) VALUES ('1', 'AS12945S22', '5');
INSERT INTO OrderProduct (OID, ProductPartID, Quantity) VALUES ('1', 'AS12945S20', '15');
INSERT INTO OrderProduct (OID, ProductPartID, Quantity) VALUES ('2', 'AS12945S22', '10');
INSERT INTO OrderProduct (OID, ProductPartID, Quantity) VALUES ('2', 'AS12945P17', '20');
INSERT INTO OrderProduct (OID, ProductPartID, Quantity) VALUES ('3', 'AS12945S22', '10');
INSERT INTO OrderProduct (OID, ProductPartID, Quantity) VALUES ('3', 'AS12945S20', '10');
INSERT INTO OrderProduct (OID, ProductPartID, Quantity) VALUES ('4', 'AS12945S20', '24');
INSERT INTO OrderProduct (OID, ProductPartID, Quantity) VALUES ('4', 'AS12945S22', '16');
INSERT INTO OrderProduct (OID, ProductPartID, Quantity) VALUES ('4', 'AS12945S17', '8');
INSERT INTO OrderProduct (OID, ProductPartID, Quantity) VALUES ('5', 'AS12945S22', '12');
INSERT INTO OrderProduct (OID, ProductPartID, Quantity) VALUES ('6', 'AS12945S17', '8');
INSERT INTO OrderProduct (OID, ProductPartID, Quantity) VALUES ('6', 'AS12945P17', '16');
INSERT INTO OrderProduct (OID, ProductPartID, Quantity) VALUES ('7', 'AS12945S22', '8');
INSERT INTO BOM (BOMID, ProductPartID) VALUES ('BM1', 'AS12945S22');
INSERT INTO BOM (BOMID, ProductPartID) VALUES ('BM2', 'AS12945S20');
INSERT INTO BOM (BOMID, ProductPartID) VALUES ('BM3', 'AS12945S17');
INSERT INTO BOM (BOMID, ProductPartID) VALUES ('BM4', 'AS12945P17');
INSERT INTO BOMPart (BOMID, PartID, Quantity) VALUES ('BM1', 'PN12344A21', '1');
INSERT INTO BOMPart (BOMID, PartID, Quantity) VALUES ('BM1', 'PN52384R50', '1');
INSERT INTO BOMPart (BOMID, PartID, Quantity) VALUES ('BM1', 'PN52384R10', '1');
INSERT INTO BOMPart (BOMID, PartID, Quantity) VALUES ('BM1', 'PN18544A21', '4');
INSERT INTO BOMPart (BOMID, PartID, Quantity) VALUES ('BM1', 'PN18544C21', '2');
INSERT INTO BOMPart (BOMID, PartID, Quantity) VALUES ('BM1', 'PN18324C54', '1');
INSERT INTO BOMPart (BOMID, PartID, Quantity) VALUES ('BM2', 'PN12344A21', '1');
INSERT INTO BOMPart (BOMID, PartID, Quantity) VALUES ('BM2', 'PN52384R50', '1');
INSERT INTO BOMPart (BOMID, PartID, Quantity) VALUES ('BM2', 'PN52384R10', '1');
INSERT INTO BOMPart (BOMID, PartID, Quantity) VALUES ('BM2', 'PN18544A21', '4');
INSERT INTO BOMPart (BOMID, PartID, Quantity) VALUES ('BM2', 'PN18544C21', '2');
INSERT INTO BOMPart (BOMID, PartID, Quantity) VALUES ('BM2', 'PN18324C51', '1');
INSERT INTO BOMPart (BOMID, PartID, Quantity) VALUES ('BM3', 'PN12344A21', '1');
INSERT INTO BOMPart (BOMID, PartID, Quantity) VALUES ('BM3', 'PN52384R45', '1');
INSERT INTO BOMPart (BOMID, PartID, Quantity) VALUES ('BM3', 'PN52384R12', '1');
INSERT INTO BOMPart (BOMID, PartID, Quantity) VALUES ('BM3', 'PN18544A21', '4');
INSERT INTO BOMPart (BOMID, PartID, Quantity) VALUES ('BM3', 'PN18544C21', '2');
INSERT INTO BOMPart (BOMID, PartID, Quantity) VALUES ('BM3', 'PN18324C51', '1');
INSERT INTO BOMPart (BOMID, PartID, Quantity) VALUES ('BM4', 'PN52384R45', '1');
INSERT INTO BOMPart (BOMID, PartID, Quantity) VALUES ('BM4', 'PN18324C91', '1');
INSERT INTO Workstations (WSID, WTID, Name, Description) VALUES ('9875', 'A4578', 'Press 01', '220-630t cold forging press');
INSERT INTO Workstations (WSID, WTID, Name, Description) VALUES ('9886', 'A4578', 'Press 02', '220-630t cold forging press');
INSERT INTO Workstations (WSID, WTID, Name, Description) VALUES ('9847', 'A4588', 'Press 03', '220-630t precision cold forging press');
INSERT INTO Workstations (WSID, WTID, Name, Description) VALUES ('9855', 'A4588', 'Press 04', '160-1000t precison cold forging press');
INSERT INTO Workstations (WSID, WTID, Name, Description) VALUES ('8541', 'S3271', 'Rivet 02', 'Rivet station');
INSERT INTO Workstations (WSID, WTID, Name, Description) VALUES ('8543', 'S3271', 'Rivet 03', 'Rivet station');
INSERT INTO Workstations (WSID, WTID, Name, Description) VALUES ('6814', 'K3675', 'Packaging 01', 'Packaging station');
INSERT INTO Workstations (WSID, WTID, Name, Description) VALUES ('6815', 'K3675', 'Packaging 02', 'Packaging station');
INSERT INTO Workstations (WSID, WTID, Name, Description) VALUES ('6816', 'K3675', 'Packaging 03', 'Packaging station');
INSERT INTO Workstations (WSID, WTID, Name, Description) VALUES ('6821', 'K3675', 'Packaging 04', 'Packaging station');
INSERT INTO Workstations (WSID, WTID, Name, Description) VALUES ('6822', 'K3676', 'Packaging 05', 'Packaging station');
INSERT INTO Workstations (WSID, WTID, Name, Description) VALUES ('8167', 'D9123', 'Welding 01', 'Spot welding staion');
INSERT INTO Workstations (WSID, WTID, Name, Description) VALUES ('8170', 'D9123', 'Welding 02', 'Spot welding staion');
INSERT INTO Workstations (WSID, WTID, Name, Description) VALUES ('8171', 'D9123', 'Welding 03', 'Spot welding staion');
INSERT INTO Workstations (WSID, WTID, Name, Description) VALUES ('7235', 'T3452', 'Assembly 01', 'Product assembly station');
INSERT INTO Workstations (WSID, WTID, Name, Description) VALUES ('7236', 'T3452', 'Assembly 02', 'Product assembly station');
INSERT INTO Workstations (WSID, WTID, Name, Description) VALUES ('7238', 'T3452', 'Assembly 03', 'Product assembly station');
INSERT INTO Workstations (WSID, WTID, Name, Description) VALUES ('5124', 'C5637', 'Trimming 01', 'Metal trimming station');
INSERT INTO Workstations (WSID, WTID, Name, Description) VALUES ('4123', 'Q3547', 'Polishing 01', 'Metal polishing station');
INSERT INTO Workstations (WSID, WTID, Name, Description) VALUES ('4124', 'Q3547', 'Polishing 02', 'Metal polishing station');
INSERT INTO Workstations (WSID, WTID, Name, Description) VALUES ('4125', 'Q3547', 'Polishing 03', 'Metal polishing station');
INSERT INTO OperationWorkstationTypes (OPID, WTID) VALUES ('5647', 'A4578');
INSERT INTO OperationWorkstationTypes (OPID, WTID) VALUES ('5647', 'A4588');
INSERT INTO OperationWorkstationTypes (OPID, WTID) VALUES ('5649', 'A4588');
INSERT INTO OperationWorkstationTypes (OPID, WTID) VALUES ('5649', 'A4598');
INSERT INTO OperationWorkstationTypes (OPID, WTID) VALUES ('5651', 'A4588');
INSERT INTO OperationWorkstationTypes (OPID, WTID) VALUES ('5651', 'A4598');
INSERT INTO OperationWorkstationTypes (OPID, WTID) VALUES ('5653', 'C5637');
INSERT INTO OperationWorkstationTypes (OPID, WTID) VALUES ('5655', 'A4588');
INSERT INTO OperationWorkstationTypes (OPID, WTID) VALUES ('5655', 'A4598');
INSERT INTO OperationWorkstationTypes (OPID, WTID) VALUES ('5657', 'C5637');
INSERT INTO OperationWorkstationTypes (OPID, WTID) VALUES ('5659', 'S3271');
INSERT INTO OperationWorkstationTypes (OPID, WTID) VALUES ('5661', 'T3452');
INSERT INTO OperationWorkstationTypes (OPID, WTID) VALUES ('5663', 'K3675');
INSERT INTO OperationWorkstationTypes (OPID, WTID) VALUES ('5665', 'D9123');
INSERT INTO OperationWorkstationTypes (OPID, WTID) VALUES ('5667', 'Q3547');
INSERT INTO OperationWorkstationTypes (OPID, WTID) VALUES ('5669', 'Q3547');
INSERT INTO OperationWorkstationTypes (OPID, WTID) VALUES ('5671', 'Q5478');
INSERT INTO OperationWorkstationTypes (OPID, WTID) VALUES ('5681', 'A4588');
INSERT INTO OperationWorkstationTypes (OPID, WTID) VALUES ('5681', 'A4598');
INSERT INTO OperationWorkstationTypes (OPID, WTID) VALUES ('5682', 'A4588');
INSERT INTO OperationWorkstationTypes (OPID, WTID) VALUES ('5682', 'A4598');
INSERT INTO OperationWorkstationTypes (OPID, WTID) VALUES ('5683', 'C5637');
INSERT INTO OperationWorkstationTypes (OPID, WTID) VALUES ('5688', 'K3675');
INSERT INTO BOO (BOOID, PFID) VALUES ('BO1', '125');
INSERT INTO BOO (BOOID, PFID) VALUES ('BO2', '132');
INSERT INTO BOO_Operation (BOOID, OPID, SeqNum) VALUES ('BO1', '5647', '1');
INSERT INTO BOO_Operation (BOOID, OPID, SeqNum) VALUES ('BO1', '5647', '2');
INSERT INTO BOO_Operation (BOOID, OPID, SeqNum) VALUES ('BO1', '5649', '3');
INSERT INTO BOO_Operation (BOOID, OPID, SeqNum) VALUES ('BO1', '5651', '4');
INSERT INTO BOO_Operation (BOOID, OPID, SeqNum) VALUES ('BO1', '5653', '5');
INSERT INTO BOO_Operation (BOOID, OPID, SeqNum) VALUES ('BO1', '5659', '6');
INSERT INTO BOO_Operation (BOOID, OPID, SeqNum) VALUES ('BO1', '5669', '7');
INSERT INTO BOO_Operation (BOOID, OPID, SeqNum) VALUES ('BO1', '5655', '8');
INSERT INTO BOO_Operation (BOOID, OPID, SeqNum) VALUES ('BO1', '5657', '9');
INSERT INTO BOO_Operation (BOOID, OPID, SeqNum) VALUES ('BO2', '5681', '1');
INSERT INTO BOO_Operation (BOOID, OPID, SeqNum) VALUES ('BO2', '5682', '2');
INSERT INTO BOO_Operation (BOOID, OPID, SeqNum) VALUES ('BO2', '5683', '3');
INSERT INTO BOO_Operation (BOOID, OPID, SeqNum) VALUES ('BO2', '5665', '4');
INSERT INTO BOO_Operation (BOOID, OPID, SeqNum) VALUES ('BO2', '5688', '5');
INSERT INTO ProductionOrder (PrOrID, OID, BOMID, BOOID) VALUES ('PO100', '1', 'BM1', 'BO1');
INSERT INTO ProductionOrder (PrOrID, OID, BOMID, BOOID) VALUES ('PO101', '1', 'BM2', 'BO1');
INSERT INTO ProductionOrder (PrOrID, OID, BOMID, BOOID) VALUES ('PO102', '2', 'BM1', 'BO1');
INSERT INTO ProductionOrder (PrOrID, OID, BOMID, BOOID) VALUES ('PO103', '2', 'BM4', 'BO2');
INSERT INTO ProductionOrder (PrOrID, OID, BOMID, BOOID) VALUES ('PO104', '3', 'BM1', 'BO1');
INSERT INTO ProductionOrder (PrOrID, OID, BOMID, BOOID) VALUES ('PO105', '3', 'BM2', 'BO1');
INSERT INTO ProductionOrder (PrOrID, OID, BOMID, BOOID) VALUES ('PO106', '4', 'BM2', 'BO1');
INSERT INTO ProductionOrder (PrOrID, OID, BOMID, BOOID) VALUES ('PO107', '4', 'BM1', 'BO1');
INSERT INTO ProductionOrder (PrOrID, OID, BOMID, BOOID) VALUES ('PO108', '4', 'BM3', 'BO1');
INSERT INTO ProductionOrder (PrOrID, OID, BOMID, BOOID) VALUES ('PO109', '5', 'BM1', 'BO1');
INSERT INTO ProductionOrder (PrOrID, OID, BOMID, BOOID) VALUES ('PO110', '6', 'BM3', 'BO1');
INSERT INTO ProductionOrder (PrOrID, OID, BOMID, BOOID) VALUES ('PO111', '6', 'BM4', 'BO2');
INSERT INTO ProductionOrder (PrOrID, OID, BOMID, BOOID) VALUES ('PO112', '7', 'BM1', 'BO1');
